-- phpMyAdmin SQL Dump
-- version 5.2.1
-- https://www.phpmyadmin.net/
--
-- Host: db
-- Generation Time: Jan 05, 2025 at 10:25 PM
-- Server version: 10.11.7-MariaDB-1:10.11.7+maria~ubu2204
-- PHP Version: 8.2.22

SET SQL_MODE = "NO_AUTO_VALUE_ON_ZERO";
START TRANSACTION;
SET time_zone = "+00:00";

--
-- Database: `NurseO`
--

--
-- Dumping data for table `Report_Field`
--

--
-- Dumping data for table `Report_Set`
--

INSERT INTO `Report_Set` (`id`, `name`, `image_url`, `report_type`, `image_alt`) VALUES
(1, 'Initial Vitals', NULL, 'studentVitalsReport', NULL),
(2, 'Pain', '/nurseo/FACES_English_Black.jpg', 'studentVitalsReport', 'Wong Baker Faces Pain Rating Scale from 0 to 10 with increment of 2'),
(3, 'I/O Record', NULL, 'studentIOReport', NULL),
(4, 'Skin', NULL, 'studentAssessmentReport', NULL),
(5, 'Respiratory', NULL, 'studentAssessmentReport', NULL),
(6, 'IV Assessment', NULL, 'studentAssessmentReport', NULL),
(7, 'Cardiovascular', NULL, 'studentAssessmentReport', NULL),
(8, 'Gastrointestinal', NULL, 'studentAssessmentReport', NULL),
(9, 'Genitourinary', NULL, 'studentAssessmentReport', NULL),
(10, 'Neurological/Psychosocial', NULL, 'studentAssessmentReport', NULL),
(11, 'Measurements', NULL, 'studentVitalsReport', NULL),
(12, 'HEENT', NULL, 'studentAssessmentReport', NULL),
(13, 'Musculoskeletal', NULL, 'studentAssessmentReport', NULL),
(14, 'Wounds', NULL, 'studentAssessmentReport', NULL);
COMMIT;

INSERT INTO `Report_Field` (`id`, `name`, `field_type`, `add_second_field`, `report_set_id`) VALUES
(1, 'Temp', 'number', 0, 1),
(2, 'HR', 'number', 0, 1),
(3, 'BP - Laying', 'text', 0, 1),
(4, 'BP - Sitting', 'text', 0, 1),
(5, 'BP - Standing', 'text', 0, 1),
(6, 'RR', 'number', 0, 1),
(7, 'O2 Sat (%)', 'number', 0, 1),
(8, 'Oxygen/Air', 'options', 0, 1),
(9, 'LPM', 'options', 0, 1),
(10, 'Pain', 'T/F', 0, 1),
(11, 'Pain', 'options', 0, 2),
(12, 'Description', 'options', 0, 2),
(13, 'Location', 'options', 0, 2),
(14, 'Duration', 'options', 0, 2),
(15, 'Intake', 'text', 0, 3),
(16, 'Output', 'text', 0, 3),
(17, 'Sensory Perception', 'options', 0, 4),
(18, 'Moisture', 'options', 0, 4),
(19, 'Activity', 'options', 0, 4),
(20, 'Mobility', 'options', 0, 4),
(21, 'Nutrition', 'options', 0, 4),
(22, 'Friction & Shear', 'options', 0, 4),
(23, 'Braden Scale Total', 'options', 0, 4),
(24, 'Skin Color', 'options', 0, 4),
(25, 'Skin Temperature', 'options', 0, 4),
(26, 'Skin Moisture', 'options', 0, 4),
(27, 'Skin Turgor', 'options', 0, 4),
(28, 'Mucous Membranes', 'checkbox', 0, 4),
(29, 'Pressure Ulcer Stage', 'options', 0, 4),
(30, 'Respiratory Pattern', 'options', 0, 5),
(31, 'Right Breath Sounds', 'options', 0, 5),
(32, 'Left Breath Sounds', 'options', 0, 5),
(33, 'Cough', 'options', 0, 5),
(34, 'Secretion Description', 'text', 0, 5),
(35, 'Incentive Spirometry', 'options', 0, 5),
(36, 'Volume', 'text', 0, 5),
(37, 'Work of Breathing', 'options', 0, 5),
(38, 'Suction Route', 'options', 0, 5),
(39, 'Suction Device', 'options', 0, 5),
(40, 'Suction Size (fr)', 'number', 0, 5),
(41, 'IV Access', 'options', 0, 6),
(42, 'Location', 'text', 0, 6),
(43, 'IV Catheter Size (guage)', 'number', 0, 6),
(44, 'Site Assessment', 'options', 0, 6),
(45, 'IV Status', 'options', 0, 6),
(46, 'HR', 'options', 0, 7),
(47, 'Telemetry', 'options', 0, 7),
(48, 'Heart Sounds', 'options', 0, 7),
(49, 'Apical Pulse', 'options', 0, 7),
(50, 'Radial Pulse', 'options', 1, 7),
(51, 'Temporal Pulse', 'options', 1, 7),
(52, 'Carotid Pulse', 'options', 1, 7),
(53, 'Brachial Pulse', 'options', 1, 7),
(54, 'Femoral Pulse', 'options', 1, 7),
(55, 'Popliteal Pulse', 'options', 1, 7),
(56, 'Posterior tibial Pulse', 'options', 1, 7),
(57, 'Dorsalis pedis Pulse', 'options', 1, 7),
(58, 'Edema', 'options', 0, 7),
(59, 'Edema location', 'text', 0, 7),
(60, 'Perfusion Color', 'options', 0, 7),
(61, 'Perfusion/Capillary Refill', 'options', 0, 7),
(62, 'Skin Temperature', 'options', 0, 7),
(63, 'Abdomen', 'options', 0, 8),
(64, 'Comments', 'text', 0, 8),
(65, 'Bowel Sounds', 'options', 0, 8),
(66, 'Last BM', 'text', 0, 8),
(67, 'Tube Type', 'checkbox', 0, 8),
(68, 'Tube Status', 'options', 0, 8),
(69, 'Drainage', 'text', 0, 8),
(70, 'Stoma', 'options', 0, 8),
(71, 'Ostomy Type(s)', 'options', 0, 8),
(72, 'Location', 'text', 0, 8),
(73, 'Other GI Symptoms', 'options', 0, 8),
(74, 'Urinary Pattern', 'options', 0, 9),
(75, 'Urinary devices', 'checkbox', 0, 9),
(76, 'Urine', 'checkbox', 0, 9),
(77, 'Color', 'text', 0, 9),
(78, 'Catheter size', 'text', 0, 9),
(79, 'Oriented', 'checkbox', 0, 10),
(80, 'Mental', 'checkbox', 0, 10),
(81, 'Eye opening', 'options', 0, 10),
(82, 'Best Verbal Response', 'options', 0, 10),
(83, 'Best Motor Response', 'options', 0, 10),
(84, 'Speech', 'checkbox', 0, 10),
(85, 'Seizure Precautions', 'options', 0, 10),
(86, 'Right pupil size (mm)', 'number', 0, 10),
(87, 'Right pupil Reaction', 'options', 0, 10),
(88, 'Left pupil size (mm)', 'number', 0, 10),
(89, 'Left pupil Reaction', 'options', 0, 10),
(90, 'PERRLA', 'checkbox', 0, 10),
(91, 'Height (in)', 'number', 0, 11),
(92, 'Weight (kg)', 'number', 0, 11),
(93, 'Head Circle (cm)', 'number', 0, 11),
(94, 'Head', 'options', 0, 12),
(95, 'Eyes', 'options', 0, 12),
(96, 'Ears', 'options', 0, 12),
(97, 'Nose', 'options', 0, 12),
(98, 'Throat', 'options', 0, 12),
(99, 'Weight Bearing', 'checkbox', 0, 13),
(100, 'ROM', 'checkbox', 0, 13),
(101, 'Wound Location', 'text', 0, 14),
(102, 'Wound Type', 'text', 0, 14),
(103, 'Wound Length (cm)', 'number', 0, 14),
(104, 'Wound Width (cm)', 'number', 0, 14),
(105, 'Wound Depth (cm)', 'number', 0, 14),
(106, 'Wound drainage appearance', 'text', 0, 14),
(107, 'Wound tunneling(cm)', 'number', 0, 14),
(108, 'Wound Undermining(cm)', 'number', 0, 14),
(109, 'Wound drainage amount', 'text', 0, 14),
(110, 'Wound Pressure', 'options', 0, 14);

--
-- Dumping data for table `Report_Label`
--

INSERT INTO `Report_Label` (`id`, `name`, `report_field_id`) VALUES
(1, 'Upper', 31),
(2, 'Lateral', 31),
(3, 'Lower', 31),
(4, 'Upper', 32),
(5, 'Lateral', 32),
(6, 'Lower', 32),
(7, 'Left', 50),
(8, 'Right', 50),
(9, 'Left', 51),
(10, 'Right', 51),
(11, 'Left', 52),
(12, 'Right', 52),
(13, 'Left', 53),
(14, 'Right', 53),
(15, 'Left', 54),
(16, 'Right', 54),
(17, 'Left', 55),
(18, 'Right', 55),
(19, 'Left', 56),
(20, 'Right', 56),
(21, 'Left', 57),
(22, 'Right', 57);

--
-- Dumping data for table `Report_Option`
--

INSERT INTO `Report_Option` (`id`, `name`, `report_field_id`) VALUES
(1, 'Room Air', 8),
(2, 'Nasal Cannula', 8),
(3, 'Simple Mask', 8),
(4, 'Blow By Non-rebreather', 8),
(5, 'Ventilator', 8),
(6, 'High Flow Nasal Cannula', 8),
(7, 'N/A', 9),
(8, '1/4', 9),
(9, '1/2', 9),
(10, '3/4', 9),
(11, '1', 9),
(12, '1 1/2', 9),
(13, '2', 9),
(14, '3', 9),
(15, '4', 9),
(16, '5', 9),
(17, '6', 9),
(18, '7', 9),
(19, '8', 9),
(20, '9', 9),
(21, '10', 9),
(22, '0', 11),
(23, '1', 11),
(24, '2', 11),
(25, '3', 11),
(26, '4', 11),
(27, '5', 11),
(28, '6', 11),
(29, '7', 11),
(30, '8', 11),
(31, '9', 11),
(32, '10', 11),
(33, 'aching', 12),
(34, 'burning', 12),
(35, 'cramping', 12),
(36, 'crushing', 12),
(37, 'dull', 12),
(38, 'exhausting', 12),
(39, 'pressure', 12),
(40, 'radiating', 12),
(41, 'sharp', 12),
(42, 'shooting', 12),
(43, 'splitting', 12),
(44, 'tingling', 12),
(45, 'throbbing', 12),
(46, 'tender to touch', 12),
(47, 'RUE', 13),
(48, 'LUE', 13),
(49, 'LLE', 13),
(50, 'RLE', 13),
(51, 'abdomen', 13),
(52, 'neck', 13),
(53, 'lt flank', 13),
(54, 'chest', 13),
(55, 'head', 13),
(56, 'incisional', 13),
(57, 'rt flank', 13),
(58, 'back', 13),
(59, 'perineum', 13),
(60, 'phantom', 13),
(61, 'Left Hip', 13),
(62, 'Right Hip', 13),
(63, 'Coccyx', 13),
(64, 'continuous', 14),
(65, 'cont. with burst of increase pain', 14),
(66, 'intermittent', 14),
(67, 'no pain', 14),
(68, 'other see Nursing Notes', 14),
(69, '1- Completely Limited', 17),
(70, '2- Very Limited', 17),
(71, '3- Slightly Limited', 17),
(72, '4- No Impairment', 17),
(73, '1- Constantly Moist', 18),
(74, '2- Very Moist', 18),
(75, '3- Occasionally Moist', 18),
(76, '4- Rarely Moist', 18),
(77, '1- Bedfast', 19),
(78, '2- Chairfast', 19),
(79, '3- Walks Occasionally', 19),
(80, '4- Walks Frequently', 19),
(81, '1- Completely Immobile', 20),
(82, '2- Very Limited', 20),
(83, '3- Slightly Limited', 20),
(84, '4- No Limitation', 20),
(85, '1- Very Poor', 21),
(86, '2- Probably Inadequate', 21),
(87, '3- Adequate', 21),
(88, '4- Excellent', 21),
(89, '1- Problem', 22),
(90, '2- Potential Problem', 22),
(91, '3- No Apparent Problem', 22),
(92, '≤ 9 = Very High Risk', 23),
(93, '10-12 = High Risk', 23),
(94, '13-14 = Moderate risk', 23),
(95, '15-18 = Mild Risk', 23),
(96, '19-23 = Minimal Risk', 23),
(97, 'Normal Color', 24),
(98, 'Flushed', 24),
(99, 'Flushed', 24),
(100, 'Jaundiced', 24),
(101, 'Pale', 24),
(102, 'Cyanotic', 24),
(103, 'Mottled', 24),
(104, 'Ashen', 24),
(105, 'Other', 24),
(106, 'Warm', 25),
(107, 'Hot', 25),
(108, 'Cool', 25),
(109, 'Dry', 26),
(110, 'Moist', 26),
(111, 'Diaphoretic', 26),
(112, 'tenting', 27),
(113, 'non tenting', 27),
(114, 'Intact', 28),
(115, 'Pink', 28),
(116, 'Moist', 28),
(117, 'Dry', 28),
(118, 'Other', 28),
(119, '1', 29),
(120, '2', 29),
(121, '3', 29),
(122, '4', 29),
(123, 'regular', 30),
(124, 'tachypnea', 30),
(125, 'bradypnea', 30),
(126, 'shallow', 30),
(127, 'agonal', 30),
(128, 'kussmaul', 30),
(129, 'apneic', 30),
(130, 'Clear', 31),
(131, 'Diminished', 31),
(132, 'Crackles', 31),
(133, 'Coarse', 31),
(134, 'Inspiratory Wheezes', 31),
(135, 'Expiratory Wheezes', 31),
(136, 'Rhonchi', 31),
(137, 'Absent', 31),
(138, 'Inspiratory Stridor', 31),
(139, 'Expiratory Stridor', 31),
(140, 'Clear', 32),
(141, 'Diminished', 32),
(142, 'Crackles', 32),
(143, 'Coarse', 32),
(144, 'Inspiratory Wheezes', 32),
(145, 'Expiratory Wheezes', 32),
(146, 'Rhonchi', 32),
(147, 'Absent', 32),
(148, 'Inspiratory Stridor', 32),
(149, 'Expiratory Stridor', 32),
(150, 'Non-Prod', 33),
(151, 'Prod', 33),
(152, 'Yes', 35),
(153, 'No', 35),
(154, 'easy', 37),
(155, 'labored', 37),
(156, 'head bobbing', 37),
(157, 'nasal flaring', 37),
(158, 'grunting', 37),
(159, 'retractions', 37),
(160, 'N/A', 38),
(161, 'nasal', 38),
(162, 'NT', 38),
(163, 'NP', 38),
(164, 'OP', 38),
(165, 'Tracheal', 38),
(166, 'ETT', 38),
(167, 'BBG', 39),
(168, 'Little Sucker', 39),
(169, 'Catheter', 39),
(170, 'Yankeur', 39),
(171, 'peripheral', 41),
(172, 'central', 41),
(173, 'WDL', 44),
(174, 'reddened', 44),
(175, 'infiltrated', 44),
(176, 'painful', 44),
(177, 'leaking', 44),
(178, 'bleeding', 44),
(179, 'continuous infusion', 45),
(180, 'intermittent use', 45),
(181, 'saline lock', 45),
(182, 'hep lock', 45),
(183, 'Tachycardic', 46),
(184, 'Bradycardic', 46),
(185, 'Paced', 46),
(186, 'Absent', 46),
(187, 'Irregular', 46),
(188, 'Regular', 46),
(189, 'No tele', 47),
(190, 'NSR', 47),
(191, 'Sinus bradycardia', 47),
(192, 'Sinus Tachycardia', 47),
(193, 'Atrial fibrillation', 47),
(194, 'Atrial Flutter', 47),
(195, 'Supraventricular tachycardia', 47),
(196, 'Ventricular fibrillation', 47),
(197, 'Ventricular tachycardia', 47),
(198, 'PVC', 47),
(199, 'Asystole', 47),
(200, '1st Degree AV Block', 47),
(201, '2nd Degree AV Block Type I', 47),
(202, '2nd Degree AV Block Type II', 47),
(203, '3rd Degree AV Block', 47),
(204, 'WDL', 48),
(205, 'Murmur', 48),
(206, 'Friction rub', 48),
(207, 'Gallop', 48),
(208, 'Absent', 49),
(209, 'Bounding', 49),
(210, 'Doppler', 49),
(211, 'Thready', 49),
(212, 'Weak', 49),
(213, 'Strong', 49),
(214, 'Absent', 50),
(215, 'Bounding', 50),
(216, 'Doppler', 50),
(217, 'Thready', 50),
(218, 'Weak', 50),
(219, 'Strong', 50),
(220, 'Absent', 51),
(221, 'Bounding', 51),
(222, 'Doppler', 51),
(223, 'Thready', 51),
(224, 'Weak', 51),
(225, 'Strong', 51),
(226, 'Absent', 52),
(227, 'Bounding', 52),
(228, 'Doppler', 52),
(229, 'Thready', 52),
(230, 'Weak', 52),
(231, 'Strong', 52),
(232, 'Absent', 53),
(233, 'Bounding', 53),
(234, 'Doppler', 53),
(235, 'Thready', 53),
(236, 'Weak', 53),
(237, 'Strong', 53),
(238, 'Absent', 54),
(239, 'Bounding', 54),
(240, 'Doppler', 54),
(241, 'Thready', 54),
(242, 'Weak', 54),
(243, 'Strong', 54),
(244, 'Absent', 55),
(245, 'Bounding', 55),
(246, 'Doppler', 55),
(247, 'Thready', 55),
(248, 'Weak', 55),
(249, 'Strong', 55),
(250, 'Absent', 56),
(251, 'Bounding', 56),
(252, 'Doppler', 56),
(253, 'Thready', 56),
(254, 'Weak', 56),
(255, 'Strong', 56),
(256, 'Absent', 57),
(257, 'Bounding', 57),
(258, 'Doppler', 57),
(259, 'Thready', 57),
(260, 'Weak', 57),
(261, 'Strong', 57),
(262, 'No edema', 58),
(263, 'Generalized edema', 58),
(264, 'Non-pitting edema', 58),
(265, 'Gallop', 58),
(266, '+1 pitting', 58),
(267, '+2 pitting', 58),
(268, '+3 pitting', 58),
(269, 'circumoral cyanosis', 60),
(270, 'cyanotic', 60),
(271, 'dusky', 60),
(272, 'flushed', 60),
(273, 'grey', 60),
(274, 'mottled', 60),
(275, 'pale', 60),
(276, '<1 second', 61),
(277, '1 sec', 61),
(278, '2 sec', 61),
(279, '3 sec', 61),
(280, '4 sec', 61),
(281, '>4 sec', 61),
(282, 'warm', 62),
(283, 'cool', 62),
(284, 'cold', 62),
(285, 'diaphoretic', 62),
(286, 'clammy', 62),
(287, 'hot', 62),
(288, 'Soft', 63),
(289, 'Firm', 63),
(290, 'Hard', 63),
(291, 'Distended', 63),
(292, 'Tender', 63),
(293, 'Guarded', 63),
(294, 'active', 65),
(295, 'Hyperactive', 65),
(296, 'Hypoactive', 65),
(297, 'Absent', 65),
(298, 'NG', 67),
(299, 'PEG', 67),
(300, 'GT', 67),
(301, 'JT', 67),
(302, 'continuous feeds', 68),
(303, 'bolus feeds', 68),
(304, 'clamped', 68),
(305, 'continuous suction', 68),
(306, 'intermittent suction', 68),
(307, 'Pink', 70),
(308, 'Red', 70),
(309, 'Gray', 70),
(310, 'Necrotic', 70),
(311, 'Moist', 70),
(312, 'Dry', 70),
(313, 'Bleeding', 70),
(314, 'Other', 70),
(315, 'colostomy', 71),
(316, 'ileostomy', 71),
(317, 'Nause', 73),
(318, 'Vomiting', 73),
(319, 'Diarrhea', 73),
(320, 'Constipation', 73),
(321, 'WDL', 74),
(322, 'Incontinent', 74),
(323, 'Anuric', 74),
(324, 'Bed Pan', 75),
(325, 'Urinal', 75),
(326, 'Suprabubic Catheter', 75),
(327, 'Bedside Commode', 75),
(328, 'Condom Catheter', 75),
(329, 'Brief/Diaper', 75),
(330, 'Urostomy', 75),
(331, 'Purewick ', 75),
(332, 'Indwelling foley Catheter', 75),
(333, 'Clear', 76),
(334, 'Cloudy', 76),
(335, 'Sediment', 76),
(336, 'Hematuria', 76),
(337, 'Dark', 76),
(338, 'Foul Odor', 76),
(339, 'Person', 79),
(340, 'Place', 79),
(341, 'Time', 79),
(342, 'situation', 79),
(343, 'Calm', 80),
(344, 'Agitated', 80),
(345, 'Confused', 80),
(346, 'Fearful', 80),
(347, 'Combative', 80),
(348, 'Withdrawn', 80),
(349, 'Alert', 80),
(350, 'Lethargic', 80),
(351, 'Cooperative', 80),
(352, 'Drowsy', 80),
(353, 'Anxious', 80),
(354, 'Obtunded', 80),
(355, 'Spontaneous (4)', 81),
(356, 'To voice (3)', 81),
(357, 'To Pain (2)', 81),
(358, 'None (1)', 81),
(359, 'Oriented (5)', 82),
(360, 'Confused (4)', 82),
(361, 'Inappropriate words (3)', 82),
(362, 'Incomprehensible sounds (2)', 82),
(363, 'None (1)', 82),
(364, 'Obeys (6)', 83),
(365, 'Localizes pain (5)', 83),
(366, 'Withdraws (4)', 83),
(367, 'Abnormal flexion (3)', 83),
(368, 'Abnormal extension (2)', 83),
(369, 'None (1)', 83),
(370, 'Clear', 84),
(371, 'Garbled', 84),
(372, 'Slurred', 84),
(373, 'Aphasic', 84),
(374, 'Yes', 85),
(375, 'NA', 85),
(376, 'Brisk', 87),
(377, 'Sluggish', 87),
(378, 'Fixed', 87),
(379, 'Brisk', 89),
(380, 'Sluggish', 89),
(381, 'Fixed', 89),
(382, 'P', 90),
(383, 'E', 90),
(384, 'R', 90),
(385, 'R', 90),
(386, 'L', 90),
(387, 'A', 90),
(388, 'WDL', 94),
(389, 'Abnormal (X)', 94),
(390, 'WDL', 95),
(391, 'Abnormal (X)', 95),
(392, 'WDL', 96),
(393, 'Abnormal (X)', 96),
(394, 'WDL', 97),
(395, 'Abnormal (X)', 97),
(396, 'WDL', 98),
(397, 'Abnormal (X)', 98),
(398, 'Full', 99),
(399, 'Partial', 99),
(400, 'Full', 100),
(401, 'Limited', 100),
(402, 'Numbness', 100),
(403, 'Tingling', 100),
(404, 'Weakness', 100),
(405, 'Paralysis', 100),
(406, 'I', 110),
(407, 'II', 110),
(408, 'III', 110),
(409, 'IV', 110);
